Disease,Medication
Fungal infection,"['Antifungal Cream', 'Fluconazole', 'Terbinafine', 'Clotrimazole', 'Ketoconazole']"
Allergy,"['Antihistamines', 'Decongestants', 'Epinephrine', 'Corticosteroids', 'Immunotherapy']"
GERD,"['Proton Pump Inhibitors (PPIs)', 'H2 Blockers', 'Antacids', 'Prokinetics', 'Antibiotics']"
Chronic cholestasis,"['Ursodeoxycholic acid', 'Cholestyramine', 'Methotrexate', 'Corticosteroids', 'Liver transplant']"
Drug Reaction,"['Antihistamines', 'Epinephrine', 'Corticosteroids', 'Antibiotics', 'Antifungal Cream']"
Peptic ulcer disease,"['Antibiotics', 'Proton Pump Inhibitors (PPIs)', 'H2 Blockers', 'Antacids', 'Cytoprotective agents']"
AIDS,"['Antiretroviral drugs', 'Protease inhibitors', 'Integrase inhibitors', 'Entry inhibitors', 'Fusion inhibitors']"
Diabetes,"['Insulin', 'Metformin', 'Sulfonylureas', 'DPP-4 inhibitors', 'GLP-1 receptor agonists']"
Gastroenteritis,"['Antibiotics', 'Antiemetic drugs', 'Antidiarrheal drugs', 'IV fluids', 'Probiotics']"
Bronchial Asthma,"['Bronchodilators', 'Inhaled corticosteroids', 'Leukotriene modifiers', 'Mast cell stabilizers', 'Anticholinergics']"
Hypertension,"['Antihypertensive medications', 'Diuretics', 'Beta-blockers', 'ACE inhibitors', 'Calcium channel blockers']"
Migraine,"['Analgesics', 'Triptans', 'Ergotamine derivatives', 'Preventive medications', 'Biofeedback']"
Cervical spondylosis,"['Pain relievers', 'Muscle relaxants', 'Physical therapy', 'Neck braces', 'Corticosteroids']"
Paralysis (brain hemorrhage),"['Blood thinners', 'Clot-dissolving medications', 'Anticonvulsants', 'Physical therapy', 'Occupational therapy']"
Jaundice,"['IV fluids', 'Blood transfusions', 'Liver transplant', 'Medications for itching', 'Antiviral medications']"
Malaria,"['Antimalarial drugs', 'Antipyretics', 'Antiemetic drugs', 'IV fluids', 'Blood transfusions']"
Chicken pox,"['Antiviral drugs', 'Pain relievers', 'IV fluids', 'Blood transfusions', 'Platelet transfusions']"
Dengue,"['Antibiotics', 'Antipyretics', 'Analgesics', 'IV fluids', 'Corticosteroids']"
Typhoid,"['Vaccination', 'Antiviral drugs', 'IV fluids', 'Blood transfusions', 'Liver transplant']"
hepatitis A,"['Vaccination', 'Antiviral drugs', 'IV fluids', 'Blood transfusions', 'Liver transplant']"
Hepatitis B,"['Antiviral drugs', 'IV fluids', 'Blood transfusions', 'Platelet transfusions', 'Liver transplant']"
Hepatitis C,"['Antiviral drugs', 'IV fluids', 'Blood transfusions', 'Platelet transfusions', 'Liver transplant']"
Hepatitis D,"['Antiviral drugs', 'IV fluids', 'Blood transfusions', 'Platelet transfusions', 'Liver transplant']"
Hepatitis E,"['Alcohol cessation', 'Corticosteroids', 'IV fluids', 'Liver transplant', 'Nutritional support']"
Alcoholic hepatitis,"['Antibiotics', 'Isoniazid', 'Rifampin', 'Ethambutol', 'Pyrazinamide']"
Tuberculosis,"['Antipyretics', 'Decongestants', 'Cough suppressants', 'Antihistamines', 'Pain relievers']"
Common Cold,"['Antibiotics', 'Antiviral drugs', 'Antifungal drugs', 'IV fluids', 'Oxygen therapy']"
Pneumonia,"['Laxatives', 'Pain relievers', 'Warm baths', 'Cold compresses', 'High-fiber diet']"
Dimorphic hemmorhoids(piles),"['Nitroglycerin', 'Aspirin', 'Beta-blockers', 'Calcium channel blockers', 'Thrombolytic drugs']"
Heart attack,"['Compression stockings', 'Exercise', 'Elevating the legs', 'Sclerotherapy', 'Laser treatments']"
Varicose veins,"['Levothyroxine', 'Antithyroid medications', 'Beta-blockers', 'Radioactive iodine', 'Thyroid surgery']"
Hypothyroidism,"['Antithyroid medications', 'Radioactive iodine', 'Thyroid surgery', 'Beta-blockers', 'Corticosteroids']"
Hyperthyroidism,"['Glucose tablets', 'Candy or juice', 'Glucagon injection', 'IV dextrose', 'Diazoxide']"
Hypoglycemia,"['Pain relievers', 'Exercise', 'Hot and cold packs', 'Joint protection', 'Physical therapy']"
Osteoarthristis,"['NSAIDs', 'Disease-modifying antirheumatic drugs (DMARDs)', 'Biologics', 'Corticosteroids', 'Joint replacement surgery']"
Arthritis,"['Vestibular rehabilitation', 'Canalith repositioning', 'Medications for nausea', 'Surgery', 'Home exercises']"
(vertigo) Paroymsal Positional Vertigo,"['Topical treatments', 'Antibiotics', 'Oral medications', 'Hormonal treatments', 'Isotretinoin']"
Acne,"['Antibiotics', 'Pain relievers', 'Antihistamines', 'Corticosteroids', 'Topical treatments']"
Urinary tract infection,"['Antibiotics', 'Urinary analgesics', 'Phenazopyridine', 'Antispasmodics', 'Probiotics']"
Psoriasis,"['Topical treatments', 'Phototherapy', 'Systemic medications', 'Biologics', 'Coal tar']"
Impetigo,"['Topical antibiotics', 'Oral antibiotics', 'Antiseptics', 'Ointments', 'Warm compresses']"
COVID-19,"['Paracetamol', 'Antiviral agents (Nirmatrelvir/Ritonavir)', 'Dexamethasone (severe cases)', 'Oxygen therapy', 'Bronchodilators']"
Appendicitis,"['IV Antibiotics (Cefazolin)', 'Metronidazole', 'Analgesics', 'Appendectomy (surgery)', 'IV Fluids']"
Kidney Stones,"['Alpha-blockers (Tamsulosin)', 'Pain relief (NSAIDs)', 'Potassium Citrate', 'Extracorporeal Shockwave Lithotripsy', 'Ureterorenoscopy']"
Iron Deficiency Anemia,"['Ferrous Sulphate tablets', 'Vitamin C supplements', 'Iron-rich diet', 'Folic Acid', 'IV Iron infusion (severe cases)']"
Anxiety Disorder,"['SSRIs (Sertraline, Escitalopram)', 'Benzodiazepines (short-term)', 'Buspirone', 'Beta-blockers (Propranolol)', 'Cognitive Behavioural Therapy']"
Clinical Depression,"['SSRIs (Fluoxetine, Sertraline)', 'SNRIs (Venlafaxine)', 'Tricyclic antidepressants', 'Psychotherapy', 'Lifestyle interventions']"
Chronic Sinusitis,"['Saline nasal irrigation', 'Nasal corticosteroid sprays', 'Decongestants', 'Antibiotics (if bacterial)', 'Endoscopic sinus surgery (if refractory)']"
Tonsillitis,"['Penicillin or Amoxicillin', 'Paracetamol for fever', 'Ibuprofen for pain', 'Salt water gargle', 'Tonsillectomy (if recurrent)']"
Ear Infection,"['Amoxicillin (antibiotic)', 'Ear drops (antibiotic/analgesic)', 'Paracetamol for fever', 'Decongestants', 'Grommets if recurrent']"
Conjunctivitis,"['Antibiotic eye drops (Chloramphenicol)', 'Antihistamine eye drops (allergic)', 'Artificial tears', 'Antiviral drops (viral)', 'Cold compresses']"
Shingles,"['Acyclovir or Valacyclovir (antiviral)', 'Paracetamol or Ibuprofen', 'Gabapentin for nerve pain', 'Topical anaesthetics', 'Shingles vaccine (prevention)']"
Measles,"['Vitamin A supplements', 'Paracetamol for fever', 'Rest and hydration', 'MMR vaccine (prevention)', 'Antibiotics (if secondary bacterial infection)']"
Gout,"['NSAIDs (Indomethacin, Naproxen)', 'Colchicine', 'Corticosteroids', 'Allopurinol (long-term uric acid control)', 'Febuxostat']"
Irritable Bowel Syndrome,"['Antispasmodics (Mebeverine)', 'Loperamide for diarrhoea', 'Laxatives for constipation', 'Low-FODMAP diet', 'Antidepressants (low dose)']"
Pancreatitis,"['IV Fluids and nil-by-mouth', 'Analgesics (IV Morphine)', 'Pancreatic enzyme supplements (chronic)', 'Antibiotics (if infected)', 'Endoscopic or surgical intervention']"
Meningitis,"['IV Antibiotics (Ceftriaxone)', 'Dexamethasone (corticosteroid)', 'Antiviral drugs (viral meningitis)', 'IV Fluids', 'Meningitis vaccine (prevention)']"
Chronic Kidney Disease,"['ACE inhibitors or ARBs', 'Erythropoietin (for anaemia)', 'Phosphate binders', 'Diuretics', 'Dialysis or kidney transplant (advanced)']"
PCOS,"['Oral contraceptives (hormonal regulation)', 'Metformin (insulin resistance)', 'Anti-androgens (Spironolactone)', 'Clomiphene (fertility)', 'Lifestyle modifications']"
Celiac Disease,"['Strict gluten-free diet (only treatment)', 'Nutritional supplements (Iron, B12, Calcium)', 'Vitamin D supplements', 'Corticosteroids (refractory)', 'Regular monitoring']"
Fibromyalgia,"['Duloxetine (SNRI)', 'Pregabalin', 'Amitriptyline (low dose)', 'Physiotherapy', 'Cognitive Behavioural Therapy']"
Lupus,"['Hydroxychloroquine (Plaquenil)', 'NSAIDs', 'Corticosteroids', 'Immunosuppressants (Azathioprine)', 'Belimumab (biologic)']"
Multiple Sclerosis,"['Interferon beta', 'Glatiramer acetate', 'Natalizumab', 'Corticosteroids (for relapses)', 'Physical and occupational therapy']"
Parkinson's Disease,"['Levodopa/Carbidopa', 'Dopamine agonists (Pramipexole)', 'MAO-B inhibitors (Selegiline)', 'Physiotherapy', 'Deep Brain Stimulation (advanced)']"
Epilepsy,"['Valproate', 'Carbamazepine', 'Levetiracetam', 'Lamotrigine', 'Phenytoin']"
Gallstones,"['Ursodeoxycholic acid (dissolution)', 'NSAIDs for pain', 'Laparoscopic cholecystectomy (surgery)', 'Extracorporeal shockwave lithotripsy', 'Antispasmodics']"
